file,category,architecture,training_type,best_epoch,trained_epochs,val_loss,val_psnr,val_ssim,val_selfsup_loss,parameters,size_bytes,sha256,source,notes
TransSARV2_best_e25.pth,historical_complete,TransSARV2,supervised,25,45,0.004859,21.937556,0.884520,,24099201,96550601,1AC067DAA1E97355EC3B12053F0B5E11B103EF83C5FF7305B776110C28F54089,experiments/TransSARV2/best_model.pth,历史完整训练的最佳权重
TransSARV2_Full_best_e40.pth,historical_complete,TransSARV2_Full,supervised,40,50,0.004179,22.630409,0.897243,,27445697,109942937,08A37D77EB222D07E4E810038E058C7FC5C5E84FD242000A60201171518A4EF9,experiments/TransSARV2_Full/best_model.pth,历史完整训练的最佳权重
TransSARV2_Freq_best_e20.pth,historical_complete,TransSARV2_Freq,supervised,20,40,0.004293,22.480469,0.896426,,29938417,119937397,00829610F74B9EF2B528FAE962733644AE3B560DBB53067F42182AF0D8BE4F6A,experiments/TransSARV2_Freq/best_model.pth,历史完整训练的最佳权重
TransSARV2_FreqNG_best_e50.pth,historical_complete,TransSARV2_FreqNG,supervised,50,50,0.004135,22.621099,0.902311,,31200807,124999838,613E15D5B6138CA0C2B9081579CBA80ACA60761BC858F0EFC7052FF80282BC5C,experiments/TransSARV2_FreqNG/best_model.pth,历史完整训练的最佳权重
TransSARV2_FreqNG_Bottle_best_e45.pth,historical_complete,TransSARV2_FreqNG_Bottle,supervised,45,50,0.004151,22.566948,0.900612,,39342632,157575643,4CC03A26422428DB8C6ED3276DF24D948DF173DCACF283CB32BB734F3AE53D02,experiments/TransSARV2_FreqNG_Bottle/best_model.pth,历史完整训练的最佳权重
TransSARV2_DualFreqNG_Bottle_best_e47.pth,historical_complete,TransSARV2_DualFreqNG_Bottle,supervised,47,50,0.004430,22.423830,0.893419,,39352778,157631066,CAFE9C69F045DEFA3B199AE017EFD8CA44829934CEFFCEBE868494360484430D,experiments/TransSARV2_DualFreqNG_Bottle/best_model.pth,当前规范架构的历史完整训练权重
TransSARV2_DualFreqNG_Bottle_AMS_best_e8.pth,historical_complete,TransSARV2_DualFreqNG_Bottle,self_supervised_AMS,8,8,,,,0.065204,39352778,157631066,C82FA45DC9CE747B995A474B75CA868A04C76BA2257EE5F340FA56989E383595,experiments/dualfreqng_bottle_ams_finetune/best_model.pth,真实SAR自监督适应版本
TransSARV2_upstream_pretrained.pth,baseline_untracked,TransSARV2,upstream_pretrained,,,,,,,24099201,96556361,CDAB8293C7B6EA72CCD192C119B1368B6D661B739D52CC43611CC75755263A70,pretrained_models/model.pth,README推荐的上游权重；无epoch和指标元数据；参数名带module前缀
TransSARV2_resultsmodel_untracked.pth,baseline_untracked,TransSARV2,unknown,,,,,,,24099201,96550601,B3094BE3EE98A12C04A6EB8A6AB6866CE1F3CB156E59C247BA1D2AE908753D77,resultsmodel.pth,来源轮次和指标均无记录
