scene,scene_label,method,mse,mae,psnr_db,ssim,fraction_below_0,fraction_above_255,min,max
01_urban,城区,Noisy,611.8582038879395,18.851741790771484,20.264295733695707,0.7422036112589111,0.0,0.0,26.0,255.0
01_urban,城区,SAR-BM3D,435.4752684205308,15.888990119739645,21.741168653439363,0.7630293443507196,0.0,0.0,38.7557532242738,254.99713887228063
01_urban,城区,SAR2SAR,91182.60180123651,102.91295309195637,-1.4683161931870576,-0.09522644508830083,0.0,0.04457855224609375,0.05734565481543541,108242.6484375
01_urban,城区,SDUDNet,581.9384670517204,18.373395684611808,20.482032951745207,0.7411037429668685,0.0,0.013683319091796875,30.061524510383606,284.26931262016296
01_urban,城区,Trans-SAR,2133.4276384812533,40.29049761270289,14.840024438067461,0.23200980381494912,0.0,0.0,103.8532943725586,243.62100219726562
01_urban,城区,CL-SAR,549.0448016679588,17.866826764438883,20.73472576848949,0.7507271865525915,0.0,0.0,33.32120132446289,255.0
01_urban,城区,MuLoG-DRUNet,1463.16038672687,31.614724354044682,16.477884262308883,0.1921469643252289,0.0,0.0,60.409281816426564,239.90576696037286
02_coast_urban_rural,湖岸—城区—农田,Noisy,363.35688400268555,13.785449981689453,22.527469683048928,0.5569608180723699,0.0,0.0,6.0,255.0
02_coast_urban_rural,湖岸—城区—农田,SAR-BM3D,159.59533601012376,9.38463192876713,26.100601654237746,0.7537007872593154,0.0,0.0,15.82774427536151,254.98486454904287
02_coast_urban_rural,湖岸—城区—农田,SAR2SAR,5112.817483796569,37.754108173008035,11.044200712109602,0.1449753962888357,0.0,0.0065460205078125,0.05734565481543541,9771.1259765625
02_coast_urban_rural,湖岸—城区—农田,SDUDNet,344.51494922484505,13.334125539850632,22.75872289268683,0.5813208390094332,0.0,0.002655029296875,10.764349289238453,295.4273074865341
02_coast_urban_rural,湖岸—城区—农田,Trans-SAR,763.9093081908413,21.371292173113034,19.300385589547876,0.6073659607425053,0.0,0.0,24.67068862915039,204.8309326171875
02_coast_urban_rural,湖岸—城区—农田,CL-SAR,216.79859017014843,10.607585437079251,24.77023907186597,0.7137808816568683,0.0,0.0,10.48129653930664,255.0
02_coast_urban_rural,湖岸—城区—农田,MuLoG-DRUNet,290.30661219298275,11.740283028546495,23.502234331787708,0.6133963272429694,0.0,0.0,23.06963874909566,194.8108074845997
03_water_islands_farmland,水域—岛屿—农田,Noisy,290.8202667236328,11.480033874511719,23.494556924513887,0.5717675741095601,0.0,0.0,12.0,255.0
03_water_islands_farmland,水域—岛屿—农田,SAR-BM3D,172.45941276146533,8.841504191803923,25.763934579093334,0.752530438856034,0.0,0.0,17.72510407763548,254.70692872993914
03_water_islands_farmland,水域—岛屿—农田,SAR2SAR,2670.6827687290256,32.99365797626706,13.864580565128081,0.22803742498163812,0.0,0.0026397705078125,0.05734565481543541,6069.19580078125
03_water_islands_farmland,水域—岛屿—农田,SDUDNet,280.79667818112625,11.209559402547598,23.646883950744588,0.5922783837200414,0.0,5.340576171875e-05,12.43489544838667,269.22111690044403
03_water_islands_farmland,水域—岛屿—农田,Trans-SAR,611.7388740463027,20.102917972973955,20.26514281469726,0.6902949160817453,0.0,0.0,28.182849884033203,152.19894409179688
03_water_islands_farmland,水域—岛屿—农田,CL-SAR,198.17185981400382,9.732525397161226,25.16038375679048,0.7261078967415985,0.0,0.0,13.811347007751465,253.55758666992188
03_water_islands_farmland,水域—岛屿—农田,MuLoG-DRUNet,181.1219385741433,9.787165840710438,25.55109303018591,0.7049987311770229,0.0,0.0,24.984109797413407,125.80845750470144
