class_name,L,pairs,psnr,ssim,saturation_rate
agricultural,1,100,12.715086137732143,0.15580027968102292,0.0400341796875
agricultural,2,100,14.854841152165832,0.23910530947363762,0.019653472900390625
agricultural,4,100,17.45000074386725,0.3520912729334057,0.00740875244140625
agricultural,8,100,20.31653217090349,0.48504679685497787,0.0023529052734375
airplane,1,100,11.511293488336264,0.156853608049768,0.07376449584960937
airplane,2,100,13.391532809993691,0.21250690356700278,0.051668548583984376
airplane,4,100,15.682277969522179,0.2826603115015757,0.03252899169921875
airplane,8,100,18.268770432509115,0.36855304855451687,0.020377044677734376
baseballdiamond,1,100,13.286002752661238,0.10754430696478327,0.04209152221679688
baseballdiamond,2,100,15.388992003202816,0.164385307287616,0.02593170166015625
baseballdiamond,4,100,17.864219996607805,0.24557093444079045,0.01438934326171875
baseballdiamond,8,100,20.587506250435744,0.3511742877795575,0.007314910888671875
beach,1,100,10.591232220898155,0.04449147191902103,0.10032485961914063
beach,2,100,12.404017799853182,0.0734110474987398,0.07752517700195312
beach,4,100,14.578013931025193,0.12069387973937436,0.05364944458007812
beach,8,100,17.048830681163498,0.19181235094991209,0.03407424926757813
buildings,1,100,11.190821044351956,0.2487439411110591,0.09490676879882813
buildings,2,100,13.007292139128667,0.32524021145152743,0.07872909545898438
buildings,4,100,15.138342835693031,0.40988321325220106,0.05994400024414062
buildings,8,100,17.528181019882073,0.4975220077600963,0.04267120361328125
chaparral,1,100,12.380298437343662,0.19432470138364624,0.04003921508789063
chaparral,2,100,14.353038258055765,0.2886630626442823,0.01847015380859375
chaparral,4,100,16.84514925712814,0.4101866688045422,0.0055352783203125
chaparral,8,100,19.689044004323442,0.5443011274449286,0.000995330810546875
denseresidential,1,100,12.461344600195769,0.2667692334486006,0.059252166748046876
denseresidential,2,100,14.349052396346133,0.3567042351429477,0.04322006225585937
denseresidential,4,100,16.593249788099516,0.4572227311235879,0.02855712890625
denseresidential,8,100,19.116855938013266,0.5604841730159487,0.017607879638671876
forest,1,100,20.187992379316906,0.37908235902273757,0.00577789306640625
forest,2,100,22.894653781279434,0.5014012919044756,0.002321929931640625
forest,4,100,25.815226812859606,0.6295428851826248,0.000791473388671875
forest,8,100,28.791290093358803,0.7462671497390605,0.000247650146484375
freeway,1,100,12.063353725739772,0.1617544719651164,0.06079177856445313
freeway,2,100,13.964973034872733,0.23264505740879496,0.04208221435546875
freeway,4,100,16.268798620934195,0.3247622794893767,0.025919036865234377
freeway,8,100,18.876330550942747,0.4355090994591065,0.0146337890625
golfcourse,1,100,12.938159162893873,0.09545928446815959,0.03970535278320313
golfcourse,2,100,15.058893914148005,0.147739320138117,0.020788116455078123
golfcourse,4,100,17.623075886063337,0.22291269314024598,0.010009918212890625
golfcourse,8,100,20.442189133026357,0.32181788503683484,0.005686798095703125
harbor,1,100,12.934306415410083,0.3851526405350289,0.06211288452148438
harbor,2,100,14.839944506909662,0.4946904514917746,0.05443649291992188
harbor,4,100,17.00847822546157,0.6063214471774236,0.04460693359375
harbor,8,100,19.38663432638293,0.7107178634746922,0.0348614501953125
intersection,1,100,12.815711145660606,0.19774648882436502,0.0457330322265625
intersection,2,100,14.805323238074266,0.27999799845177176,0.03020965576171875
intersection,4,100,17.165682465555236,0.3822358504677389,0.018074493408203125
intersection,8,100,19.79643065115691,0.49714114196074705,0.010177001953125
mediumresidential,1,100,12.509961158590343,0.22336076733062446,0.05184341430664063
mediumresidential,2,100,14.494316264092113,0.3145919070025693,0.03715377807617187
mediumresidential,4,100,16.826279818448604,0.4233675798382617,0.025214385986328126
mediumresidential,8,100,19.4039165235748,0.5401021402455899,0.0168267822265625
mobilehomepark,1,100,12.10342240786681,0.28222824030064475,0.06781951904296875
mobilehomepark,2,100,14.018677689772776,0.380875916774728,0.054904632568359375
mobilehomepark,4,100,16.25056504379174,0.48970894901490636,0.04217636108398438
mobilehomepark,8,100,18.69829672014363,0.5976045350993326,0.0310894775390625
overpass,1,100,12.772891127264513,0.19426557298188293,0.05561264038085938
overpass,2,100,14.779038653751352,0.27206991888229876,0.039225921630859376
overpass,4,100,17.124014029429915,0.3692387865102447,0.024739990234375
overpass,8,100,19.728902197416602,0.4810664316101169,0.014115447998046876
parkinglot,1,100,12.82970586724985,0.2984661562653773,0.05153793334960938
parkinglot,2,100,14.856607748343526,0.3920368167736255,0.038242034912109375
parkinglot,4,100,17.23488519291201,0.4924078375947125,0.027091522216796875
parkinglot,8,100,19.823412373375422,0.592485246260711,0.019264678955078125
river,1,100,15.288449790989693,0.2370512404087398,0.02267547607421875
river,2,100,17.540728872274855,0.33255467488569684,0.01193267822265625
river,4,100,20.13834948905314,0.4473027884280647,0.005629119873046875
river,8,100,22.95469630182098,0.5702088870714929,0.002466888427734375
runway,1,100,13.10155430242413,0.16043693043254503,0.04728103637695313
runway,2,100,15.209110041630044,0.2309299236896398,0.0337237548828125
runway,4,100,17.637917630490662,0.3215456893356346,0.02300048828125
runway,8,100,20.274314610484566,0.4289024967266722,0.015594024658203125
sparseresidential,1,100,13.185722410498599,0.17856668624286612,0.04173263549804687
sparseresidential,2,100,15.27472753713264,0.2617279803389183,0.026436767578125
sparseresidential,4,100,17.72373390703951,0.36804017755033525,0.015554656982421875
sparseresidential,8,100,20.41878919409298,0.4900919341688476,0.00918731689453125
storagetanks,1,100,11.682413657533768,0.16917426986350154,0.07055526733398437
storagetanks,2,100,13.612089310490763,0.2340880859304229,0.0532794189453125
storagetanks,4,100,15.910598473450362,0.31419916186942265,0.038410491943359375
storagetanks,8,100,18.466386960771842,0.40682917399511676,0.0275567626953125
tenniscourt,1,100,13.478040887845552,0.20705633726197678,0.0393426513671875
tenniscourt,2,100,15.55260018748693,0.2912939209293148,0.025572662353515626
tenniscourt,4,100,18.000345294392424,0.39361876166522863,0.015594635009765625
tenniscourt,8,100,20.67097978188555,0.5061697948599404,0.009247894287109376
