protocol_id,target_key,baseline_key,metric,advantage_definition,positive_favors,advantage,advantage_ci95_low,advantage_ci95_high,paired_patches,paired_parent_clusters,bootstrap_samples,bootstrap_seed,cluster,pair_scope,result_source,notes
ICSPS26-FROZEN-v2,ours_ams,ours_base,ratio_mean_bias,baseline_minus_target,target,,,,592,148,10000,20260905,parent_id; all child patches retained,all formal test patches,,AMS effect
ICSPS26-FROZEN-v2,ours_ams,ours_base,ratio_acf_sidelobe_energy,baseline_minus_target,target,,,,592,148,10000,20260905,parent_id; all child patches retained,all formal test patches,,AMS effect
ICSPS26-FROZEN-v2,ours_ams,ours_base,sobel_gc_noisy_output,target_minus_baseline_descriptive_difference,not_defined_diagnostic,,,,592,148,10000,20260905,parent_id; all child patches retained,all formal test patches,,AMS effect; descriptive only
ICSPS26-FROZEN-v2,ours_base,transsar,ratio_mean_bias,baseline_minus_target,target,,,,592,148,10000,20260905,parent_id; all child patches retained,all formal test patches,,external learned baseline
ICSPS26-FROZEN-v2,ours_base,transsar,ratio_acf_sidelobe_energy,baseline_minus_target,target,,,,592,148,10000,20260905,parent_id; all child patches retained,all formal test patches,,external learned baseline
ICSPS26-FROZEN-v2,ours_base,transsar,sobel_gc_noisy_output,target_minus_baseline_descriptive_difference,not_defined_diagnostic,,,,592,148,10000,20260905,parent_id; all child patches retained,all formal test patches,,external learned baseline; descriptive only
ICSPS26-FROZEN-v2,ours_base,log_only,ratio_mean_bias,baseline_minus_target,target,,,,592,148,10000,20260905,parent_id; all child patches retained,all formal test patches,,intensity-complement effect
ICSPS26-FROZEN-v2,ours_base,log_only,ratio_acf_sidelobe_energy,baseline_minus_target,target,,,,592,148,10000,20260905,parent_id; all child patches retained,all formal test patches,,intensity-complement effect
ICSPS26-FROZEN-v2,ours_base,log_only,sobel_gc_noisy_output,target_minus_baseline_descriptive_difference,not_defined_diagnostic,,,,592,148,10000,20260905,parent_id; all child patches retained,all formal test patches,,intensity-complement effect; descriptive only
