scene_slug,scene,method,roi_row,roi_col,ratio_median_db,ratio_iqr_db,ratio_robust_sigma_db,ratio_p01_db,ratio_p99_db,ratio_neighbor_corr,ratio_vs_noisy_log_corr,log_gradient_corr_with_noisy
01_Hong_Kong_Port,Hong Kong Urban Edge,SAR-BM3D,3200,24200,-1.3397632837295532,6.308188587427139,4.5061723485231395,-19.28957176208496,5.849222302436829,-0.011837089327988316,0.7704658279832542,0.2393655754169861
01_Hong_Kong_Port,Hong Kong Urban Edge,SAR2SAR,3200,24200,-2.713684916496277,6.238264378160238,4.493923492491245,-20.86974573135376,5.4066256284713745,0.006950350700394948,0.8314739689398958,0.2655257302653766
01_Hong_Kong_Port,Hong Kong Urban Edge,SDUDNet,3200,24200,0.02728713396936655,6.198182582855225,4.492565323895774,-17.13823175430298,8.146578311920166,-0.024048034926243026,0.8064565457502548,0.24674489983749517
01_Hong_Kong_Port,Hong Kong Urban Edge,Trans-SAR,3200,24200,-2.7098217010498047,7.000820532441139,5.0919452188611025,-21.155495166778564,6.855749607086182,0.08928072415672543,0.8174712450380451,0.18685288482975443
01_Hong_Kong_Port,Hong Kong Urban Edge,CL-SAR,3200,24200,-0.6963167190551758,6.16193750500679,4.318276669692993,-19.300108909606934,7.13737154006958,-0.0006286076252313803,0.7840199015243966,0.3204007696651137
01_Hong_Kong_Port,Hong Kong Urban Edge,MERLIN,3200,24200,-11.787785530090332,7.632097482681274,5.620239513301849,-30.667638778686523,2.6524941325187683,0.2939032868940943,0.9643401171071356,0.11733313451484488
01_Hong_Kong_Port,Hong Kong Urban Edge,MuLoG-DRUNet,3200,24200,-1.6354501843452454,6.840487778186798,4.949436734962463,-20.050236701965332,6.574179768562317,0.043823100613663006,0.797533842855566,0.17740510729659206
02_Tesla_Semi_Factory,Tesla Semi Factory Industrial Edge,SAR-BM3D,4800,20500,-1.471369445323944,6.488586276769638,4.663795257461071,-19.45130205154419,5.9673992395401,-0.006129381455294261,0.9078609187544954,0.21276343297792996
02_Tesla_Semi_Factory,Tesla Semi Factory Industrial Edge,SAR2SAR,4800,20500,-2.446683168411255,6.373765788972378,4.596317412525416,-20.75342082977295,5.6925928592681885,-0.019114262997126825,0.9007571455690293,0.17775225821319662
02_Tesla_Semi_Factory,Tesla Semi Factory Industrial Edge,SDUDNet,4800,20500,-0.01362335728481412,6.557742536067963,4.761105746269226,-17.451204299926758,8.449412107467651,-0.01511630790024348,0.9251042774988892,0.18807081425753122
02_Tesla_Semi_Factory,Tesla Semi Factory Industrial Edge,Trans-SAR,4800,20500,-2.4691320657730103,6.891331881284714,4.999531789273023,-20.8282208442688,6.438932657241821,0.050320093667770835,0.9292949243132737,0.1316357170275649
02_Tesla_Semi_Factory,Tesla Semi Factory Industrial Edge,CL-SAR,4800,20500,-0.8859530687332153,6.597560435533524,4.694347276067734,-19.350745677947998,6.559226036071777,-0.008286913988545173,0.9082992356973848,0.2663672024629455
02_Tesla_Semi_Factory,Tesla Semi Factory Industrial Edge,MERLIN,4800,20500,-11.645960807800293,7.23515248298645,5.280603087615966,-30.380187511444092,-0.7324327230453491,0.15944002172581612,0.9769221360227387,0.0849487236571233
02_Tesla_Semi_Factory,Tesla Semi Factory Industrial Edge,MuLoG-DRUNet,4800,20500,-1.7741310000419617,6.914025127887726,5.010902558326721,-20.180391788482666,6.79640531539917,0.046597818069930796,0.9226210862402126,0.13120378624383047
03_Melbourne,Melbourne Road and Urban Blocks,SAR-BM3D,8612,5547,-1.4187281131744385,6.377828389406204,4.571349705433845,-19.42953872680664,5.780472278594971,-0.013770693404636613,0.8800728073932198,0.22569219003115182
03_Melbourne,Melbourne Road and Urban Blocks,SAR2SAR,8612,5547,-1.6209579706192017,6.459621459245682,4.6459472879648205,-20.357627868652344,6.512199640274048,0.02613471708544669,0.90557374052783,0.20133183470141977
03_Melbourne,Melbourne Road and Urban Blocks,SDUDNet,8612,5547,-0.010978790000081062,6.483730792999268,4.711765149521828,-17.45882511138916,8.546284437179565,-0.005287391194676356,0.9086720729994385,0.19748699058439478
03_Melbourne,Melbourne Road and Urban Blocks,Trans-SAR,8612,5547,-2.6212165355682373,6.981022693216801,5.077615738981962,-21.12512969970703,6.700691223144531,0.07764395582792159,0.9134046098662589,0.10666391989085236
03_Melbourne,Melbourne Road and Urban Blocks,CL-SAR,8612,5547,-0.808568000793457,6.528472423553467,4.643548753595352,-19.38175058364868,6.624340891838074,-0.017094449885339248,0.8811992858121839,0.28327955533314897
03_Melbourne,Melbourne Road and Urban Blocks,MERLIN,8612,5547,-6.16215443611145,7.151976764202118,5.226499179410935,-24.654181957244873,4.090318441390991,0.13573894529010083,0.9684520962727361,0.10751801488093568
03_Melbourne,Melbourne Road and Urban Blocks,MuLoG-DRUNet,8612,5547,-1.7469573020935059,6.909455746412277,5.007287436282635,-20.252007961273193,6.785747289657593,0.05544743299855438,0.9109397948977657,0.1370551487164893
